id,gender,age,race,state,timestamp,action_status
1,Male,19,White,PA,2024-10-03 11:35:04.030530,0
2,Male,55,Mixed,WA,2024-10-28 13:15:13.030601,0
3,Female,50,Other,WA,2024-08-21 09:25:31.030623,1
4,Female,46,Other,NY,2024-07-20 16:25:42.030642,0
5,Other,39,White,WI,2024-10-04 04:24:35.030665,0
6,Male,42,Black,AZ,2024-07-15 04:08:31.030683,1
7,Male,47,Other,KY,2024-07-05 02:52:58.030698,0
8,Non-binary,58,Other,AZ,2024-08-19 09:39:50.030717,0
9,Male,32,White,KY,2024-07-14 08:11:21.030734,0
10,Other,35,Mixed,OK,2024-07-17 03:22:54.030750,0
11,Non-binary,40,Hispanic,OK,2024-09-26 17:04:14.030765,0
12,Female,52,Hispanic,WI,2024-09-02 02:50:58.030781,1
13,Female,38,Black,PA,2024-07-18 15:29:46.030798,1
14,Other,35,Black,PA,2024-07-06 20:00:52.030813,1
15,Female,59,Mixed,CO,2024-07-09 17:15:34.030828,1
16,Female,34,Hispanic,PA,2024-07-27 20:13:34.030842,1
17,Other,55,Mixed,AZ,2024-10-03 11:37:42.030861,1
18,Male,21,Black,WI,2024-08-12 10:50:24.030878,1
19,Male,42,Mixed,TN,2024-09-01 21:24:01.030892,1
20,Male,25,Other,NY,2024-07-24 17:19:41.030903,1
21,Male,36,Mixed,WI,2024-09-03 16:32:48.030912,1
22,Female,50,Black,OK,2024-09-22 17:24:05.030922,0
23,Female,41,Hispanic,IL,2024-07-23 21:21:19.030931,0
24,Non-binary,49,Black,KY,2024-07-05 03:26:57.030939,1
25,Female,21,Hispanic,TN,2024-10-21 13:32:47.030948,1
26,Male,52,Hispanic,WI,2024-08-07 23:21:37.030957,0
27,Non-binary,51,Other,CO,2024-10-03 21:01:47.030966,0
28,Non-binary,43,White,KS,2024-07-07 21:49:14.030975,1
29,Male,33,Hispanic,KY,2024-09-18 15:53:56.030984,0
30,Female,18,Black,OK,2024-10-24 08:19:46.030993,0
31,Male,39,Black,IL,2024-10-01 06:31:33.031002,1
32,Female,52,Hispanic,TN,2024-08-18 23:27:20.031012,0
33,Other,44,Hispanic,KY,2024-10-18 16:40:19.031025,1
34,Non-binary,45,Mixed,KS,2024-07-13 14:41:33.031039,0
35,Male,43,White,KY,2024-09-30 09:41:21.031048,0
36,Other,26,Mixed,WI,2024-09-25 23:49:16.031057,0
37,Male,46,Other,KY,2024-10-24 16:55:16.031065,0
38,Male,33,Hispanic,CO,2024-08-29 23:08:21.031075,0
39,Other,21,Hispanic,CO,2024-10-31 02:27:00.031089,1
40,Other,36,Mixed,IL,2024-08-07 22:56:45.031103,0
41,Female,36,Hispanic,WA,2024-08-17 20:55:27.031112,0
42,Non-binary,21,Black,TN,2024-08-30 22:21:24.031121,0
43,Male,50,Black,WI,2024-10-22 19:00:01.031130,0
44,Female,43,Black,TN,2024-09-29 19:35:13.031139,0
45,Male,44,Other,TN,2024-08-26 05:08:46.031148,1
46,Female,38,Hispanic,NY,2024-09-11 11:53:59.031157,1
47,Other,38,Black,WA,2024-09-02 18:02:57.031165,0
48,Male,52,Hispanic,IL,2024-09-28 11:50:32.031176,1
49,Male,33,White,NY,2024-10-11 00:42:40.031190,1
50,Male,53,White,OK,2024-10-18 11:46:32.031205,1
51,Male,24,Other,WI,2024-09-27 06:24:23.031217,0
52,Non-binary,31,White,IL,2024-08-30 07:31:19.031226,0
53,Male,58,Mixed,NY,2024-10-26 16:32:09.031235,1
54,Female,58,White,WI,2024-07-29 00:34:41.031244,1
55,Male,25,Black,WI,2024-08-23 15:21:11.031253,1
56,Female,45,Hispanic,WA,2024-09-22 03:23:18.031263,0
57,Non-binary,31,Hispanic,OK,2024-10-18 03:47:16.031272,1
58,Female,33,Hispanic,WI,2024-07-11 01:39:13.031285,0
59,Female,39,Mixed,OK,2024-07-13 07:37:46.031299,1
60,Female,24,Mixed,WA,2024-07-13 23:31:39.031312,0
61,Female,47,White,NY,2024-07-18 08:22:42.031324,0
62,Male,30,Mixed,AZ,2024-09-26 14:08:14.031337,1
63,Non-binary,59,Other,CO,2024-08-05 21:08:31.031351,1
64,Male,25,White,WI,2024-08-18 06:59:58.031366,0
65,Male,56,Mixed,AZ,2024-07-30 05:14:39.031381,1
66,Male,42,Other,PA,2024-09-29 15:02:56.031397,1
67,Male,51,Other,OK,2024-07-31 09:29:28.031412,1
68,Other,22,White,TN,2024-09-21 12:07:39.031426,1
69,Non-binary,44,White,CO,2024-08-03 05:54:01.031441,0
70,Female,44,Mixed,OK,2024-07-28 10:19:43.031453,1
71,Other,53,Black,NY,2024-09-25 09:00:44.031462,1
72,Other,43,Hispanic,IL,2024-10-08 22:53:43.031473,1
73,Other,27,Other,WI,2024-10-22 23:55:39.031482,1
74,Female,33,Other,KS,2024-10-11 13:42:25.031491,1
75,Male,54,White,WI,2024-10-23 02:35:36.031501,0
76,Female,73,Mixed,HI,2022-03-12 13:51:06,0
77,Non-binary,73,Other,FL,2019-08-17 10:50:06,1
78,Male,76,Black,KS,2019-06-10 23:03:42,0
79,Other,41,White,CA,2018-09-18 14:41:13,1
80,Male,72,Black,FL,2020-11-26 09:31:09,0
81,Female,56,Mixed,NY,2020-07-16 17:32:00,1
82,Female,58,Mixed,KY,2022-11-01 06:55:54,0
83,Other,41,Mixed,KY,2018-10-25 02:36:31,1
84,Other,77,Mixed,WY,2018-03-29 14:20:03,0
85,Non-binary,39,White,KS,2020-02-25 00:07:14,1
86,Non-binary,32,Hispanic,NE,2020-06-27 03:44:26,0
87,Non-binary,78,White,WV,2019-02-06 18:46:07,1
88,Male,71,Other,OH,2022-12-22 16:52:07,0
89,Non-binary,59,White,MO,2019-09-21 00:38:48,1
90,Male,54,Other,MT,2019-05-22 08:02:08,0
91,Female,49,White,KY,2020-04-15 23:30:46,1
92,Non-binary,73,Other,CT,2018-08-05 19:55:27,0
93,Male,36,Other,CA,2020-11-23 23:57:54,1
94,Male,64,Hispanic,WA,2020-08-17 05:20:15,0
95,Female,52,Black,MI,2018-10-16 08:13:47,1
96,Other,42,Hispanic,WA,2021-07-07 19:03:15,0
97,Other,33,Other,VA,2019-02-14 18:09:51,1
98,Female,66,Other,AZ,2018-07-04 15:06:33,0
99,Female,44,Mixed,NH,2019-10-16 15:25:21,1
100,Female,43,Mixed,CO,2021-02-04 01:56:41,0
101,Other,55,Hispanic,SC,2018-03-29 16:39:56,1
102,Male,52,Black,ME,2022-09-21 03:10:09,0
103,Other,18,Black,AZ,2022-04-18 17:24:42,1
104,Male,54,Mixed,WY,2019-06-14 23:30:23,0
105,Other,62,White,FL,2021-09-25 06:54:10,1
106,Non-binary,32,Hispanic,OR,2022-04-05 11:06:31,0
107,Female,59,Mixed,NV,2022-04-19 21:09:38,1
108,Female,59,Hispanic,SC,2019-06-09 23:34:46,0
109,Other,46,Other,FL,2019-12-12 03:19:51,1
110,Male,31,Black,MD,2019-08-26 05:40:43,0
111,Male,65,Mixed,GA,2018-11-06 17:49:08,1
112,Other,72,Other,TX,2018-12-24 03:01:48,0
113,Other,51,White,NC,2021-01-12 12:30:38,1
114,Non-binary,32,Mixed,MN,2021-04-12 05:28:43,0
115,Non-binary,31,White,IL,2018-03-12 00:38:37,1
116,Female,45,Black,AL,2020-02-24 03:58:48,0
117,Other,35,White,OK,2020-02-11 18:05:32,1
118,Female,77,Black,NJ,2019-01-17 11:37:29,0
119,Other,64,Black,WA,2019-07-24 08:15:19,1
120,Female,60,White,HI,2022-10-31 02:55:36,0
121,Other,47,White,WV,2022-08-04 04:27:53,1
122,Non-binary,18,Hispanic,CA,2021-05-29 10:59:04,0
123,Female,34,White,VA,2018-02-06 23:49:41,1
124,Other,38,White,OK,2018-04-24 12:37:01,0
125,Female,79,Other,IL,2018-06-21 19:37:36,1
126,Other,68,Black,SD,2022-11-03 03:50:45,0
127,Other,29,Mixed,AR,2022-12-10 08:14:00,1
128,Other,26,Other,FL,2020-02-10 02:12:24,0
129,Male,18,Hispanic,OH,2019-10-21 15:50:26,1
130,Female,77,Other,MS,2022-11-16 00:09:48,0
131,Female,34,Black,RI,2020-12-15 04:17:26,1
132,Non-binary,34,Mixed,MT,2018-12-21 23:42:28,0
133,Female,55,Black,CO,2019-07-11 22:27:30,1
134,Non-binary,50,White,GA,2019-01-31 08:02:07,0
135,Female,28,Black,MS,2021-03-22 23:24:51,1
136,Non-binary,75,Black,AK,2022-01-29 08:55:19,0
137,Non-binary,61,Hispanic,CA,2018-07-07 12:41:22,1
138,Other,74,Other,SD,2020-12-16 21:50:59,0
139,Male,22,White,NM,2021-02-09 21:36:45,1
140,Other,33,Other,NE,2018-05-09 01:34:08,0
141,Male,43,White,CA,2022-02-19 02:41:17,1
142,Non-binary,26,Mixed,IA,2022-08-11 23:32:58,0
143,Non-binary,76,Other,NH,2019-08-13 21:38:41,1
144,Other,37,Other,HI,2019-02-14 17:42:34,0
145,Non-binary,28,Other,SC,2018-05-22 02:24:08,1
146,Non-binary,53,White,WI,2018-05-16 02:59:09,0
147,Other,70,Mixed,ND,2018-03-14 15:22:35,1
148,Male,70,Mixed,WY,2022-09-21 02:26:27,0
149,Female,25,White,AZ,2020-06-22 07:12:08,1
150,Non-binary,53,White,NH,2021-06-23 06:52:03,0
151,Female,22,Other,WA,2020-11-15 08:41:50,1
152,Female,60,White,ME,2021-06-12 13:01:26,0
153,Other,27,Other,VT,2022-06-29 03:10:27,1
154,Female,73,White,CO,2019-10-21 05:20:33,0
155,Other,39,Other,SC,2021-08-27 15:43:28,1
156,Non-binary,64,Other,KS,2021-10-01 11:35:20,0
157,Other,76,Other,KS,2022-05-09 20:15:48,1
158,Male,21,White,WI,2020-03-15 03:16:34,0
159,Male,32,White,AK,2018-03-10 01:12:39,1
160,Male,52,White,NM,2020-05-08 12:12:11,0
161,Other,74,White,NJ,2021-08-03 04:32:55,1
162,Non-binary,65,Hispanic,ND,2018-06-28 01:23:17,0
163,Other,71,Black,SC,2020-01-03 15:28:56,1
164,Female,54,Hispanic,RI,2019-01-18 01:12:56,0
165,Male,24,Black,FL,2018-09-29 17:14:18,1
166,Non-binary,22,Hispanic,MI,2019-10-24 20:30:21,0
167,Male,29,Black,WI,2018-02-02 07:32:29,1
168,Non-binary,78,Black,NV,2018-12-04 13:06:27,0
169,Female,27,Black,MD,2018-04-16 13:05:52,1
170,Non-binary,79,Mixed,RI,2018-09-16 10:05:42,0
171,Male,27,Hispanic,TX,2021-07-11 12:15:54,1
172,Female,74,Hispanic,NV,2018-04-06 07:20:40,0
173,Non-binary,27,Black,KY,2018-05-28 01:24:30,1
174,Female,53,Other,CA,2020-08-21 13:14:18,0
175,Male,40,Mixed,KS,2020-08-30 18:31:09,1
176,Non-binary,44,Other,AK,2020-11-06 09:36:10,0
177,Female,32,White,NH,2022-01-09 02:57:53,1
178,Female,70,Black,MO,2020-12-14 04:57:27,0
179,Other,70,Mixed,LA,2021-11-07 03:11:55,1
180,Non-binary,36,Other,CT,2022-10-18 12:51:17,0
181,Non-binary,75,Hispanic,MA,2022-09-14 19:10:31,1
182,Male,32,Other,NY,2021-02-23 12:18:03,0
183,Other,39,Black,IA,2022-12-19 15:21:55,1
184,Female,60,Other,WV,2022-08-19 13:05:33,0
185,Male,77,Black,GA,2019-08-31 07:26:59,1
186,Female,67,Hispanic,MI,2018-02-23 02:35:16,0
187,Other,44,White,UT,2019-12-19 02:52:50,1
188,Female,58,White,TN,2022-06-03 02:17:18,0
189,Female,39,Hispanic,NM,2022-12-23 18:51:42,1
190,Female,20,Other,NJ,2019-01-03 12:11:54,0
191,Non-binary,59,Black,MS,2022-11-25 09:32:36,1
192,Other,38,Other,WA,2019-06-20 20:55:17,0
193,Other,69,Hispanic,NJ,2019-06-20 01:09:20,1
194,Other,72,White,ND,2019-12-16 03:20:50,0
195,Male,43,Mixed,CT,2020-03-07 15:54:57,1
196,Non-binary,20,White,IN,2021-08-31 18:46:23,0
197,Female,20,Black,NH,2022-11-11 14:49:55,1
198,Female,54,White,UT,2018-02-27 22:44:07,0
199,Other,72,Other,RI,2021-06-11 19:04:44,1
200,Female,60,Other,NH,2018-08-13 04:26:05,0
201,Female,32,White,VA,2021-12-04 04:07:36,1
202,Male,53,Other,WI,2020-12-15 13:14:38,0
203,Male,66,Mixed,MO,2019-12-20 17:04:24,1
204,Male,21,Black,NH,2020-11-27 15:44:59,0
205,Female,19,Mixed,NE,2020-02-18 17:47:04,1
206,Female,72,White,PA,2019-11-06 07:04:23,0
207,Other,61,Mixed,MT,2022-07-24 23:57:35,1
208,Female,71,Hispanic,NE,2018-05-09 12:35:36,0
209,Non-binary,69,White,RI,2019-09-02 06:05:02,1
210,Other,44,Other,NJ,2018-07-03 02:11:34,0
211,Other,49,White,DE,2020-08-16 23:35:35,1
212,Other,33,Hispanic,OK,2019-05-02 22:13:27,0
213,Female,78,Hispanic,NJ,2022-12-28 23:36:41,1
214,Male,33,Other,NH,2019-11-08 14:52:11,0
215,Other,78,Other,SC,2018-07-06 22:44:53,1
216,Other,42,Mixed,MO,2022-04-15 04:42:52,0
217,Other,63,Other,VT,2018-08-11 00:09:45,1
218,Non-binary,23,Hispanic,MO,2018-03-27 05:41:47,0
219,Male,68,Other,WA,2019-07-08 11:22:53,1
220,Female,51,Other,AL,2019-12-25 20:30:04,0
221,Female,33,Black,CT,2022-05-30 13:05:51,1
222,Non-binary,73,Black,IN,2022-04-04 07:24:26,0
223,Non-binary,77,Black,VT,2019-02-05 06:17:43,1
224,Male,49,Other,NH,2021-05-16 07:16:40,0
225,Other,39,Mixed,IN,2021-08-28 19:26:24,1
226,Male,67,Black,SD,2018-05-03 02:15:04,0
227,Non-binary,74,Other,IL,2018-12-09 20:52:13,1
228,Male,59,Hispanic,NE,2022-02-19 03:17:54,0
229,Male,38,Black,CA,2018-07-21 02:55:39,1
230,Male,68,Mixed,MI,2019-04-09 10:31:08,0
231,Female,65,Black,TX,2019-02-13 10:12:00,1
232,Other,68,Hispanic,VT,2019-06-23 00:09:27,0
233,Non-binary,51,Hispanic,WI,2022-01-29 03:33:16,1
234,Other,76,White,OK,2018-11-20 15:13:43,0
235,Female,34,Hispanic,MD,2022-07-28 16:13:27,1
236,Female,60,Black,MS,2018-12-23 07:26:34,0
237,Male,51,Other,WV,2022-03-21 13:16:33,1
238,Female,48,Black,NM,2018-06-05 02:50:11,0
239,Female,42,White,NM,2022-12-17 09:08:01,1
240,Other,75,Other,VT,2022-07-31 07:13:05,0
241,Male,37,Other,WV,2019-11-04 17:12:45,1
242,Female,72,Black,FL,2019-02-02 02:42:16,0
243,Male,33,Black,CA,2022-08-31 02:28:10,1
244,Male,66,Mixed,AZ,2020-12-09 03:20:26,0
245,Female,18,Mixed,WI,2021-09-10 08:24:24,1
246,Male,33,Black,AZ,2019-04-09 05:32:05,0
247,Male,38,Black,WY,2018-08-12 20:34:22,1
248,Non-binary,75,Other,IA,2021-09-02 09:34:55,0
249,Female,55,Mixed,MN,2022-07-07 18:36:57,1
250,Non-binary,47,Black,SD,2019-05-03 04:27:41,0
251,Non-binary,39,Black,HI,2019-10-08 03:09:42,1
252,Non-binary,64,Hispanic,AL,2019-12-20 22:14:47,0
253,Non-binary,79,Other,VT,2020-07-01 15:21:02,1
254,Non-binary,22,Other,RI,2021-01-10 01:58:30,0
255,Male,25,Black,MS,2022-02-16 06:53:11,1
256,Non-binary,66,Other,LA,2022-07-16 00:27:55,0
257,Other,29,Mixed,MN,2019-10-31 04:23:47,1
258,Non-binary,60,Black,IL,2019-08-25 09:25:41,0
259,Other,37,White,TN,2021-03-10 09:32:10,1
260,Non-binary,79,Mixed,MN,2018-08-25 13:46:58,0
261,Male,23,White,PA,2019-01-18 02:05:27,1
262,Male,35,Other,MO,2020-11-09 10:00:08,0
263,Non-binary,39,White,KS,2022-03-12 01:22:15,1
264,Other,48,Hispanic,SD,2018-02-24 02:12:39,0
265,Other,53,Hispanic,WI,2020-03-13 10:51:28,1
266,Other,70,White,WV,2018-05-15 14:40:05,0
267,Male,58,Hispanic,NJ,2020-06-21 00:13:10,1
268,Male,36,Other,NJ,2022-10-05 12:51:10,0
269,Other,56,Hispanic,ND,2021-09-24 00:32:26,1
270,Male,64,Other,DE,2019-03-16 21:29:01,0
271,Male,59,Black,WI,2020-04-15 19:41:04,1
272,Other,50,Mixed,CT,2021-07-17 21:50:26,0
273,Female,30,Black,NV,2019-06-26 17:40:57,1
274,Other,72,Mixed,MN,2022-04-01 13:22:29,0
275,Non-binary,20,Black,FL,2020-01-08 16:59:58,1
276,Male,71,Hispanic,DE,2020-01-08 20:44:21,0
277,Male,22,Other,ID,2020-04-07 19:12:48,1
278,Other,23,Mixed,NE,2022-02-08 11:44:24,0
279,Non-binary,23,White,CO,2020-11-30 17:33:26,1
280,Female,59,White,AZ,2021-07-26 21:30:09,0
281,Non-binary,47,Hispanic,NE,2021-01-02 01:16:15,1
282,Non-binary,41,Other,KS,2019-11-27 05:03:37,0
283,Other,70,White,NJ,2019-01-01 17:09:09,1
284,Non-binary,59,White,LA,2021-03-31 04:15:12,0
285,Female,64,Other,MD,2020-02-08 01:13:30,1
286,Other,22,Black,NY,2022-10-14 20:30:33,0
287,Male,53,Mixed,NM,2021-06-19 17:01:20,1
288,Non-binary,23,Other,NM,2020-12-07 22:55:27,0
289,Non-binary,67,Other,IN,2022-04-07 20:59:22,1
290,Female,66,Hispanic,CT,2021-08-02 15:56:26,0
291,Other,21,Black,CT,2020-01-30 12:23:05,1
292,Other,36,Hispanic,NC,2019-07-16 05:53:12,0
293,Male,67,Hispanic,NV,2021-03-01 05:49:46,1
294,Other,32,Other,KS,2022-07-25 19:04:52,0
295,Non-binary,24,Black,MO,2020-07-10 23:59:58,1
296,Other,55,White,HI,2019-09-19 20:19:27,0
297,Male,70,White,SC,2021-10-13 17:16:05,1
298,Female,35,Mixed,NH,2019-01-25 01:48:50,0
299,Female,69,Black,KS,2019-04-15 04:05:32,1
300,Non-binary,20,Other,HI,2019-11-12 11:44:57,0
301,Female,25,Black,WY,2021-11-16 18:37:19,1
302,Non-binary,69,Black,CO,2018-02-04 01:07:46,0
303,Male,75,Other,KY,2022-12-16 01:17:29,1
304,Female,67,White,KS,2021-02-16 09:12:30,0
305,Female,52,Hispanic,CT,2021-12-09 10:44:01,1
306,Male,64,Mixed,WI,2020-11-30 02:30:44,0
307,Other,25,Other,WI,2019-11-08 18:56:59,1
308,Male,26,Mixed,PA,2018-06-24 13:36:02,0
309,Male,19,Other,ND,2019-06-22 18:14:25,1
310,Male,26,Black,MS,2018-07-19 02:40:59,0
311,Male,39,Black,WV,2019-11-24 13:54:14,1
312,Other,49,Mixed,NM,2021-07-18 09:08:54,0
313,Other,44,Mixed,AK,2021-07-25 14:30:09,1
314,Female,35,White,PA,2021-12-18 14:35:34,0
315,Male,44,Mixed,OK,2020-01-31 23:33:29,1
316,Female,74,Hispanic,VA,2021-05-01 19:26:52,0
317,Non-binary,23,White,IN,2020-10-18 14:35:38,1
318,Male,34,Other,TN,2020-08-21 16:52:44,0
319,Female,56,Hispanic,NV,2020-10-15 09:17:20,1
320,Other,39,White,VT,2020-11-24 07:11:27,0
321,Male,74,White,ME,2018-04-04 15:56:16,1
322,Other,56,White,PA,2020-01-12 07:34:23,0
323,Female,38,Other,PA,2020-06-15 04:16:46,1
324,Other,72,Mixed,SD,2019-04-04 22:34:23,0
325,Non-binary,39,Hispanic,UT,2019-09-05 08:52:27,1
326,Other,60,Mixed,HI,2019-06-28 23:02:13,0
327,Female,40,White,MI,2022-04-11 04:05:41,1
328,Non-binary,61,Hispanic,CA,2018-04-12 22:30:50,0
329,Female,70,Mixed,VT,2018-06-10 11:39:55,1
330,Male,39,Mixed,IA,2020-05-04 07:48:14,0
331,Female,74,Mixed,CT,2020-07-03 14:57:03,1
332,Non-binary,70,Black,MD,2021-05-03 12:50:27,0
333,Female,78,Black,NY,2019-06-27 20:28:16,1
334,Female,69,Black,WY,2018-12-02 23:51:20,0
335,Other,45,Black,IN,2020-09-20 20:11:55,1
336,Male,38,Mixed,TN,2020-05-10 01:43:44,0
337,Other,36,White,KS,2022-05-08 19:49:46,1
338,Female,33,Black,TN,2021-12-09 19:19:50,0
339,Other,65,Other,FL,2019-11-10 11:26:51,1
340,Other,45,White,VT,2022-06-19 14:25:22,0
341,Male,32,White,TN,2020-12-15 09:44:38,1
342,Male,50,White,TN,2022-07-22 09:26:08,0
343,Female,57,Hispanic,NM,2022-02-01 15:04:54,1
344,Male,47,Mixed,WI,2022-07-31 10:21:58,0
345,Male,59,Other,TX,2021-04-11 08:30:25,1
346,Female,42,Black,IN,2018-05-22 02:45:44,0
347,Female,61,White,KY,2018-08-19 00:28:56,1
348,Female,40,White,NV,2020-10-22 05:21:29,0
349,Non-binary,59,White,KY,2020-03-14 07:41:34,1
350,Female,19,White,MD,2022-05-02 12:32:49,0
351,Male,18,Black,ND,2021-10-20 13:54:59,1
352,Other,52,Other,AZ,2018-10-12 23:41:28,0
353,Other,28,Mixed,AZ,2022-01-18 16:17:35,1
354,Male,37,Hispanic,AK,2022-04-29 02:04:49,0
355,Female,54,White,HI,2020-02-06 05:24:27,1
356,Non-binary,76,Other,MO,2020-06-06 23:40:55,0
357,Male,70,Other,TX,2019-10-17 23:45:30,1
358,Non-binary,49,Black,TN,2018-06-13 01:26:01,0
359,Other,31,Other,TN,2022-07-12 18:56:20,1
360,Other,31,Black,LA,2018-04-24 03:45:26,0
361,Male,27,Black,OK,2020-09-30 14:24:10,1
362,Female,26,Hispanic,ND,2018-10-13 07:02:20,0
363,Non-binary,73,Other,NY,2018-08-06 01:14:38,1
364,Male,46,Mixed,TN,2019-03-30 15:07:34,0
365,Male,40,White,CO,2022-08-19 08:09:43,1
366,Other,77,Mixed,NJ,2021-01-09 05:16:57,0
367,Female,51,Black,VT,2021-02-19 06:02:51,1
368,Female,31,Hispanic,KS,2020-04-22 17:20:58,0
369,Female,33,White,ND,2020-02-18 14:46:44,1
370,Non-binary,70,Hispanic,KY,2020-02-26 08:06:29,0
371,Non-binary,62,White,WY,2021-10-12 16:16:58,1
372,Female,55,Other,AK,2020-11-27 18:56:00,0
373,Male,64,Hispanic,NJ,2021-02-15 19:47:23,1
374,Other,71,White,OH,2020-10-26 03:08:16,0
375,Male,18,Black,CA,2018-10-10 12:53:22,1
376,Non-binary,74,White,OR,2021-04-29 12:57:31,0
377,Other,76,Other,CA,2020-08-21 12:16:14,1
378,Non-binary,75,Black,CT,2021-02-24 04:36:54,0
379,Non-binary,79,Hispanic,ND,2022-05-09 04:53:47,1
380,Non-binary,20,Black,IL,2022-09-26 07:09:37,0
381,Non-binary,39,Mixed,PA,2019-01-13 04:29:16,1
382,Female,34,Black,AK,2021-10-03 17:52:06,0
383,Other,34,Black,NM,2019-07-02 18:06:54,1
384,Non-binary,50,Mixed,MA,2020-09-16 08:29:24,0
385,Male,62,Other,CA,2019-09-14 06:39:17,1
386,Other,50,Hispanic,MD,2020-12-08 18:22:22,0
387,Non-binary,70,White,MD,2021-11-20 13:39:14,1
388,Non-binary,18,Mixed,NM,2022-08-13 11:22:34,0
389,Other,79,White,TX,2020-11-23 19:41:01,1
390,Male,49,Hispanic,WI,2018-07-30 21:25:07,0
391,Female,54,Other,WI,2021-03-14 11:44:31,1
392,Non-binary,23,White,NY,2022-08-02 16:20:34,0
393,Other,43,Mixed,MD,2020-08-12 15:10:55,1
394,Other,55,Hispanic,MI,2022-11-10 12:09:34,0
395,Female,66,Hispanic,KS,2018-03-17 19:13:20,1
396,Male,74,Black,ND,2020-02-07 13:35:18,0
397,Female,40,Black,NH,2018-08-28 11:50:47,1
398,Other,70,White,SC,2022-01-16 02:29:51,0
399,Male,69,Black,MS,2021-02-16 21:18:09,1
400,Male,54,Black,AZ,2022-09-11 06:58:24,0
401,Non-binary,43,Black,PA,2021-08-02 23:36:53,1
402,Non-binary,74,Mixed,MS,2019-09-18 06:42:59,0
403,Male,53,Black,NH,2022-09-11 20:27:29,1
404,Male,54,Mixed,ME,2020-09-23 12:08:20,0
405,Female,31,Other,WI,2019-03-01 23:16:03,1
406,Female,36,Mixed,OR,2020-10-28 16:49:18,0
407,Female,30,Black,IA,2018-05-29 21:08:55,1
408,Female,34,Black,WI,2019-11-22 17:30:12,0
409,Non-binary,19,Other,WY,2019-05-31 03:17:35,1
410,Other,23,White,NM,2020-05-12 05:05:59,0
411,Other,48,Hispanic,KY,2021-07-16 20:09:43,1
412,Male,61,Other,ND,2021-10-20 10:55:15,0
413,Other,69,Black,VT,2022-12-14 18:11:44,1
414,Male,21,Black,MN,2018-05-09 17:38:26,0
415,Other,36,Hispanic,OR,2022-03-07 14:03:18,1
416,Other,33,Hispanic,VA,2018-07-05 16:01:12,0
417,Non-binary,71,Mixed,NE,2018-02-22 16:49:16,1
418,Non-binary,60,Mixed,IA,2019-04-04 11:48:13,0
419,Non-binary,25,Black,AK,2018-08-29 02:25:33,1
420,Female,78,Hispanic,MI,2018-06-12 19:49:13,0
421,Other,31,White,MO,2021-07-13 06:21:15,1
422,Non-binary,64,Hispanic,FL,2019-06-07 22:32:38,0
423,Female,71,Other,MA,2021-05-26 03:36:47,1
424,Non-binary,34,White,MO,2021-02-07 18:52:35,0
425,Male,61,White,AL,2021-05-02 06:21:01,1
426,Other,70,Other,HI,2018-08-07 22:52:38,0
427,Non-binary,55,White,IN,2018-12-10 18:11:15,1
428,Other,58,Other,IA,2022-02-12 16:18:38,0
429,Male,50,White,ID,2021-11-16 08:59:06,1
430,Female,48,Mixed,NY,2020-08-18 17:38:46,0
431,Non-binary,32,Mixed,AZ,2021-08-14 06:25:50,1
432,Other,50,Hispanic,MA,2019-03-07 04:39:24,0
433,Male,63,White,MN,2022-06-08 22:05:54,1
434,Non-binary,57,Other,OH,2019-09-22 03:13:19,0
435,Male,36,Black,AR,2019-07-03 03:11:24,1
436,Female,75,Other,WV,2020-09-11 01:55:11,0
437,Other,26,Other,VA,2022-05-25 09:36:34,1
438,Other,55,Other,WA,2019-09-25 18:47:55,0
439,Other,28,Hispanic,LA,2019-03-31 17:11:07,1
440,Non-binary,60,Mixed,IN,2018-05-21 13:59:59,0
441,Non-binary,68,Mixed,MT,2021-09-10 10:20:03,1
442,Male,19,Black,FL,2018-06-22 22:42:14,0
443,Male,53,Other,WY,2022-02-18 18:28:22,1
444,Female,73,Other,MI,2018-01-28 00:20:07,0
445,Female,39,Hispanic,TN,2022-12-24 00:55:23,1
446,Female,36,White,HI,2020-02-15 01:02:26,0
447,Male,21,Other,WY,2021-07-01 11:37:59,1
448,Non-binary,55,Black,NJ,2021-04-06 10:15:36,0
449,Other,23,Other,LA,2022-08-03 21:19:05,1
450,Female,46,White,FL,2021-11-30 23:17:23,0
451,Female,26,Black,FL,2018-11-08 16:17:29,1
452,Other,40,White,PA,2022-05-31 05:35:18,0
453,Non-binary,71,Black,MA,2018-05-06 18:43:52,1
454,Other,21,Mixed,ND,2018-10-09 18:05:53,0
455,Other,49,Hispanic,MS,2022-02-10 04:40:22,1
456,Male,34,Other,SD,2020-09-09 04:46:07,0
457,Female,60,Hispanic,WV,2018-06-25 13:21:56,1
458,Non-binary,35,Hispanic,NC,2018-08-01 00:24:17,0
459,Other,43,Mixed,AZ,2022-05-02 01:13:50,1
460,Male,26,Mixed,NV,2021-12-20 16:58:36,0
461,Male,37,Other,MO,2020-10-06 14:13:39,1
462,Other,55,White,ME,2019-02-26 03:04:25,0
463,Female,27,Hispanic,ME,2020-10-22 21:39:45,1
464,Other,24,White,KY,2021-03-20 14:18:35,0
465,Other,77,Mixed,NM,2022-04-02 04:43:25,1
466,Non-binary,31,White,IA,2019-06-26 00:09:24,0
467,Male,35,Mixed,ME,2020-05-07 03:52:19,1
468,Female,34,Other,OK,2019-12-07 10:48:15,0
469,Female,27,Hispanic,WI,2018-05-13 04:22:33,1
470,Female,53,Other,AZ,2022-10-05 09:57:38,0
471,Female,47,Black,ID,2022-12-13 22:51:06,1
472,Male,47,White,ID,2019-05-11 20:19:56,0
473,Female,64,Hispanic,KS,2019-05-19 03:00:52,1
474,Male,65,Black,MT,2020-11-22 07:22:10,0
475,Female,65,Black,WV,2021-04-16 04:56:37,1
476,Male,60,Black,ME,2019-05-13 05:16:46,0
477,Other,52,White,AR,2020-08-02 22:18:09,1
478,Female,31,Other,NH,2020-10-19 19:37:57,0
479,Male,39,Other,UT,2019-07-17 17:18:33,1
480,Female,38,Other,WI,2022-09-01 17:05:38,0
481,Female,71,Other,AR,2018-02-02 19:00:42,1
482,Non-binary,20,Black,RI,2018-08-17 21:04:18,0
483,Other,22,White,WV,2018-01-21 09:53:24,1
484,Other,77,Hispanic,LA,2022-08-28 19:01:48,0
485,Male,46,Hispanic,NY,2021-04-02 00:15:37,1
486,Other,72,Other,ME,2019-07-09 08:05:49,0
487,Non-binary,57,Hispanic,VT,2019-04-13 00:54:06,1
488,Non-binary,54,Other,HI,2022-03-25 03:14:45,0
489,Female,47,Other,CT,2018-11-30 13:19:30,1
490,Male,55,Hispanic,WA,2020-10-23 21:08:09,0
491,Other,78,Hispanic,CT,2022-03-26 12:07:07,1
492,Non-binary,42,White,MO,2019-03-13 18:35:39,0
493,Male,73,White,NC,2020-06-27 20:15:38,1
494,Female,74,Mixed,WV,2022-02-18 10:23:49,0
495,Other,62,Other,AL,2019-02-12 08:06:13,1
496,Non-binary,29,White,WY,2021-11-27 21:52:09,0
497,Male,21,Hispanic,MA,2018-07-20 04:42:53,1
498,Female,33,Other,HI,2018-06-04 22:09:30,0
499,Other,20,Other,OK,2019-05-30 03:28:47,1
500,Female,57,Hispanic,AZ,2021-06-03 00:07:11,0
501,Male,59,Black,CA,2020-01-06 18:33:10,1
502,Female,18,Mixed,NC,2022-04-22 14:25:10,0
503,Male,41,Hispanic,FL,2019-02-06 21:46:26,1
504,Female,30,White,WA,2019-12-02 17:52:04,0
505,Female,40,White,AR,2021-01-22 11:57:19,1
506,Male,30,Black,MA,2018-01-22 09:25:53,0
507,Female,23,Hispanic,WI,2022-08-06 15:44:48,1
508,Non-binary,47,Hispanic,KS,2022-03-23 13:10:01,0
509,Other,33,Hispanic,HI,2019-04-29 16:34:25,1
510,Non-binary,55,White,AZ,2018-09-10 23:35:47,0
511,Male,57,Mixed,ME,2018-04-13 22:01:24,1
512,Other,18,Other,AZ,2021-08-03 13:41:02,0
513,Other,44,Black,NJ,2022-12-08 08:45:32,1
514,Other,34,Other,PA,2021-04-08 18:25:48,0
515,Male,26,Mixed,LA,2021-01-19 18:49:06,1
516,Female,70,Other,GA,2019-02-03 22:05:21,0
517,Non-binary,19,Black,KY,2018-01-14 14:19:58,1
518,Male,55,Hispanic,IL,2022-01-13 20:01:29,0
519,Non-binary,29,Hispanic,MD,2021-04-18 16:49:37,1
520,Male,25,Black,WV,2018-03-26 02:18:45,0
521,Male,26,Mixed,AK,2019-12-01 21:26:30,1
522,Other,28,Hispanic,AR,2018-11-15 03:11:04,0
523,Female,49,Hispanic,WV,2020-06-28 11:58:29,1
524,Non-binary,63,Hispanic,WV,2022-12-11 19:58:44,0
525,Male,67,Black,OR,2019-07-04 17:29:39,1
526,Female,77,Hispanic,MO,2021-09-08 16:46:51,0
527,Other,26,Other,TX,2019-03-28 06:35:07,1
528,Other,32,White,OK,2022-01-14 16:11:07,0
529,Non-binary,62,Black,TX,2022-09-03 06:29:40,1
530,Female,31,Black,AZ,2022-04-21 19:45:04,0
531,Non-binary,77,Mixed,RI,2021-11-07 04:08:36,1
532,Non-binary,69,Mixed,AL,2018-12-27 06:25:52,0
533,Female,39,White,LA,2022-10-19 22:13:27,1
534,Male,72,Black,OR,2019-02-27 21:07:23,0
535,Male,50,Other,MD,2018-12-07 18:13:48,1
536,Female,54,Black,MO,2022-06-11 13:47:14,0
537,Male,77,Other,TX,2019-10-07 03:43:21,1
538,Other,26,Other,CA,2018-12-29 18:22:24,0
539,Other,73,Black,UT,2021-02-11 05:51:51,1
540,Other,75,Hispanic,ID,2020-11-24 05:12:17,0
541,Non-binary,38,Mixed,NM,2022-03-01 15:41:42,1
542,Other,26,White,MI,2020-03-07 19:17:39,0
543,Other,66,Other,TX,2020-02-26 03:13:02,1
544,Non-binary,73,Hispanic,NC,2018-02-01 07:31:41,0
545,Female,25,Hispanic,CT,2020-09-09 21:21:26,1
546,Other,19,Black,SD,2021-08-09 00:57:47,0
547,Non-binary,43,Black,ID,2020-06-19 19:36:25,1
548,Male,67,White,OH,2018-04-07 14:13:56,0
549,Female,49,Mixed,WY,2019-09-10 16:03:09,1
550,Female,47,Hispanic,AK,2018-02-01 11:32:45,0
551,Other,37,Black,MO,2022-05-12 13:16:16,1
552,Female,51,White,NJ,2020-05-26 05:22:58,0
553,Female,34,Other,ME,2019-05-23 21:06:41,1
554,Male,45,Other,NY,2022-09-26 07:02:44,0
555,Male,56,Other,WY,2019-03-31 19:05:53,1
556,Other,30,White,IN,2018-10-02 13:41:14,0
557,Female,30,Mixed,MO,2020-08-09 03:41:25,1
558,Female,19,Mixed,NC,2018-07-09 22:31:16,0
559,Other,44,Mixed,CO,2021-11-14 08:02:06,1
560,Non-binary,45,Mixed,NJ,2020-08-04 13:19:35,0
561,Non-binary,63,Black,WY,2019-09-11 07:33:35,1
562,Female,58,Black,NJ,2018-10-07 13:28:38,0
563,Non-binary,22,White,ME,2022-05-17 17:24:48,1
564,Female,66,Other,CO,2020-11-23 12:11:44,0
565,Other,19,Other,OK,2020-04-27 07:01:26,1
566,Male,27,Other,CT,2021-11-03 11:13:25,0
567,Male,50,Black,CA,2019-05-21 21:58:54,1
568,Female,43,Hispanic,CA,2022-07-23 23:38:35,0
569,Female,57,Mixed,OH,2022-06-10 11:31:22,1
570,Other,61,White,IN,2022-04-25 02:28:05,0
571,Non-binary,77,Black,MS,2020-06-12 09:04:46,1
572,Female,55,White,WY,2020-09-21 07:20:38,0
573,Female,25,Other,IL,2022-11-04 02:30:04,1
574,Other,75,Other,VT,2019-11-12 01:54:09,0
575,Non-binary,62,Hispanic,UT,2021-10-14 17:22:18,1
576,Other,61,White,OK,2020-04-14 17:46:57,0
577,Other,63,White,MT,2021-01-29 01:15:01,1
578,Non-binary,32,White,SC,2021-11-10 12:28:25,0
579,Male,39,Mixed,NH,2020-07-03 09:10:02,1
580,Female,29,Hispanic,TN,2022-12-24 18:53:46,0
581,Female,65,Black,SD,2018-07-03 11:59:00,1
582,Other,41,Black,SC,2020-07-11 09:44:56,0
583,Male,24,Hispanic,AZ,2022-04-01 16:47:33,1
584,Other,35,Hispanic,LA,2021-01-07 16:28:58,0
585,Male,43,Other,HI,2020-11-21 08:11:53,1
586,Other,62,White,PA,2018-03-23 17:32:35,0
587,Non-binary,54,Mixed,AK,2020-05-13 03:29:13,1
588,Non-binary,30,Hispanic,MA,2018-07-09 01:03:46,0
589,Other,25,Other,FL,2022-10-03 12:48:05,1
590,Female,46,Hispanic,VT,2022-07-22 14:24:27,0
591,Non-binary,43,Hispanic,WA,2021-11-04 13:13:03,1
592,Non-binary,19,Hispanic,IL,2018-12-11 21:55:33,0
593,Female,23,White,MI,2019-05-12 00:28:51,1
594,Non-binary,38,Black,NE,2018-07-30 20:24:34,0
595,Female,19,Hispanic,MN,2021-03-12 20:01:21,1
596,Female,54,Other,ND,2020-12-28 08:51:29,0
597,Female,53,Hispanic,NH,2019-09-23 02:10:02,1
598,Non-binary,52,Hispanic,UT,2022-05-03 07:54:18,0
599,Male,20,Mixed,PA,2018-07-30 22:58:14,1
600,Female,29,Other,KS,2019-02-17 18:37:26,0
601,Male,58,Black,OK,2021-04-10 08:46:13,1
602,Other,78,White,VA,2018-04-06 00:47:38,0
603,Male,55,Other,NH,2019-06-11 15:51:50,1
604,Other,72,Mixed,IN,2018-07-19 07:05:00,0
605,Male,49,Black,VA,2020-11-10 10:45:34,1
606,Other,74,Other,AK,2018-06-13 19:11:27,0
607,Male,77,Black,NH,2022-02-11 05:50:18,1
608,Female,27,White,VA,2019-03-24 22:46:01,0
609,Male,62,Other,NC,2020-03-05 14:10:17,1
610,Male,26,White,KY,2021-12-07 11:06:45,0
611,Non-binary,51,Black,MS,2018-01-27 06:19:37,1
612,Male,21,Mixed,UT,2021-01-23 06:08:48,0
613,Female,66,Black,ID,2018-02-04 21:38:49,1
614,Male,65,Mixed,ID,2020-07-14 02:00:44,0
615,Non-binary,70,White,IL,2020-05-26 13:30:36,1
616,Non-binary,75,Hispanic,OR,2020-11-29 05:04:35,0
617,Other,55,Black,IN,2020-08-31 23:37:55,1
618,Male,30,Other,MA,2018-04-05 10:24:08,0
619,Other,72,Other,AR,2018-05-29 05:58:48,1
620,Female,63,Hispanic,WI,2018-06-29 04:15:14,0
621,Female,60,Black,OH,2021-07-10 00:34:44,1
622,Male,53,Hispanic,WI,2021-12-30 14:22:14,0
623,Male,35,White,ND,2019-07-15 00:21:13,1
624,Other,49,Black,AK,2022-08-23 21:26:57,0
625,Other,65,Black,SC,2018-05-01 17:20:07,1
626,Non-binary,72,Other,IL,2021-05-19 15:06:25,0
627,Non-binary,54,White,WA,2020-12-04 15:16:02,1
628,Male,53,Mixed,MD,2021-05-31 05:12:57,0
629,Other,32,White,CT,2020-07-30 05:05:12,1
630,Non-binary,32,Black,CT,2022-09-21 16:34:47,0
631,Male,73,Other,RI,2020-06-21 22:59:50,1
632,Other,34,White,KY,2022-12-14 21:04:02,0
633,Non-binary,60,White,DE,2021-08-25 19:36:16,1
634,Male,60,Mixed,VA,2022-11-21 01:21:00,0
635,Non-binary,23,Mixed,ND,2018-05-09 21:00:17,1
636,Female,33,Hispanic,WV,2020-01-04 10:07:59,0
637,Non-binary,23,White,OK,2019-04-02 02:52:51,1
638,Other,73,Other,FL,2020-08-19 00:30:21,0
639,Non-binary,56,Other,MI,2021-02-25 16:06:22,1
640,Female,53,White,DE,2022-10-22 03:06:51,0
641,Male,56,Mixed,UT,2019-10-14 05:58:18,1
642,Non-binary,19,Black,IL,2019-02-10 06:36:30,0
643,Male,54,Black,PA,2021-04-21 03:00:40,1
644,Female,22,White,WV,2021-02-17 12:33:54,0
645,Male,71,Other,RI,2019-02-15 06:56:29,1
646,Other,39,Black,IN,2018-01-08 07:28:34,0
647,Other,35,White,NY,2018-11-01 07:38:02,1
648,Female,66,White,GA,2018-08-05 17:09:13,0
649,Non-binary,55,Mixed,AR,2022-10-22 01:59:14,1
650,Male,19,Mixed,DE,2020-12-29 14:44:33,0
651,Female,66,White,MA,2021-05-29 00:16:07,1
652,Other,52,Mixed,LA,2022-01-08 10:34:40,0
653,Female,66,Mixed,NM,2019-08-24 14:50:34,1
654,Other,25,White,ME,2022-12-06 11:56:12,0
655,Female,47,Hispanic,AZ,2018-04-29 04:22:55,1
656,Male,69,Mixed,MO,2019-01-23 22:22:51,0
657,Female,34,White,AR,2020-09-26 06:22:50,1
658,Other,77,Mixed,IL,2019-10-12 00:23:31,0
659,Non-binary,26,Hispanic,TX,2019-01-30 21:21:31,1
660,Non-binary,20,Mixed,IA,2021-06-20 21:03:48,0
661,Male,56,Mixed,AZ,2018-07-06 01:59:22,1
662,Other,42,Mixed,LA,2019-02-23 22:13:46,0
663,Non-binary,62,Hispanic,KY,2019-08-19 06:28:01,1
664,Male,63,Other,CA,2018-02-05 03:17:42,0
665,Female,65,White,CT,2019-12-07 01:10:52,1
666,Male,42,Other,IN,2020-05-29 18:59:42,0
667,Non-binary,53,White,HI,2020-07-02 23:15:16,1
668,Male,60,Mixed,WI,2021-07-12 21:59:58,0
669,Female,25,Hispanic,MN,2022-05-07 12:42:09,1
670,Male,67,White,VT,2022-02-21 03:25:31,0
671,Female,41,Other,NH,2021-05-27 15:04:04,1
672,Female,44,Hispanic,ME,2020-11-02 15:08:15,0
673,Other,35,Black,OK,2019-08-03 22:03:18,1
674,Non-binary,65,Hispanic,MS,2018-08-23 13:58:43,0
675,Other,69,Other,MO,2020-03-30 08:04:39,1
676,Other,22,Hispanic,OR,2022-07-28 18:31:54,0
677,Male,27,Mixed,OH,2019-08-01 09:57:51,1
678,Other,40,White,NE,2018-06-18 10:54:19,0
679,Non-binary,73,Other,AK,2021-03-10 05:27:52,1
680,Male,29,Mixed,HI,2021-06-10 03:56:57,0
681,Other,33,Other,IA,2018-06-30 16:24:36,1
682,Other,40,Mixed,ME,2018-07-16 22:33:11,0
683,Non-binary,79,White,LA,2020-08-25 23:09:13,1
684,Female,51,Hispanic,IA,2020-04-11 22:57:50,0
685,Other,21,Other,OK,2019-08-29 14:41:25,1
686,Other,74,Black,CO,2020-04-30 09:35:44,0
687,Male,55,White,FL,2021-12-01 15:33:19,1
688,Female,28,Black,NC,2022-01-12 20:13:42,0
689,Male,58,Mixed,OK,2018-11-21 00:43:55,1
690,Other,18,Black,MO,2022-05-31 03:07:06,0
691,Non-binary,21,Mixed,TX,2021-06-17 16:43:02,1
692,Female,51,Hispanic,VA,2020-04-05 07:10:24,0
693,Female,76,Hispanic,NJ,2019-08-22 11:28:19,1
694,Non-binary,22,Black,GA,2018-06-29 04:50:24,0
695,Non-binary,55,White,RI,2021-02-13 16:51:06,1
696,Non-binary,76,Hispanic,CO,2019-03-15 03:12:42,0
697,Non-binary,64,Black,LA,2019-07-09 10:17:53,1
698,Male,75,White,MS,2020-04-22 08:18:48,0
699,Male,39,White,AL,2020-03-12 01:34:38,1
700,Male,18,White,VA,2018-05-24 22:41:03,0
701,Female,46,White,IA,2022-06-09 21:35:16,1
702,Male,59,White,NY,2020-08-04 01:15:39,0
703,Female,49,White,OK,2018-07-01 22:47:41,1
704,Non-binary,21,Black,MD,2022-12-04 14:38:48,0
705,Other,60,Mixed,PA,2020-10-24 11:33:01,1
706,Male,71,Hispanic,UT,2021-02-01 01:30:18,0
707,Non-binary,54,Mixed,WY,2018-11-15 16:34:53,1
708,Female,37,Black,OR,2018-05-17 02:23:34,0
709,Female,20,Black,MO,2019-08-07 18:51:32,1
710,Other,72,Black,NJ,2018-03-14 03:49:53,0
711,Other,65,Mixed,MD,2022-09-29 08:53:12,1
712,Male,67,White,DE,2019-09-27 10:45:37,0
713,Female,26,Hispanic,NH,2019-08-26 18:07:34,1
714,Non-binary,24,Mixed,MI,2018-06-30 20:36:54,0
715,Other,53,Black,NC,2019-06-24 03:27:03,1
716,Male,42,Mixed,ID,2020-06-10 17:34:42,0
717,Male,56,Black,FL,2018-07-30 19:12:59,1
718,Male,26,Other,NE,2020-06-21 03:06:59,0
719,Male,30,Other,HI,2020-01-30 01:19:49,1
720,Non-binary,66,Hispanic,NE,2019-04-13 16:35:44,0
721,Female,27,Hispanic,HI,2021-09-09 12:46:58,1
722,Male,29,Other,WV,2022-11-22 02:08:24,0
723,Other,56,Mixed,NJ,2021-09-03 21:57:52,1
724,Non-binary,26,Hispanic,WA,2021-12-25 06:48:02,0
725,Other,44,Black,MS,2021-07-29 15:12:06,1
726,Non-binary,18,Mixed,KS,2020-08-19 12:07:34,0
727,Other,29,Black,NV,2019-03-19 07:14:17,1
728,Non-binary,76,Mixed,KY,2020-04-07 02:54:32,0
729,Male,34,Mixed,HI,2021-05-04 00:21:10,1
730,Male,32,Black,IN,2019-08-22 02:27:37,0
731,Other,43,White,IL,2018-09-27 08:36:14,1
732,Non-binary,66,Mixed,ID,2019-11-08 13:13:19,0
733,Non-binary,62,Hispanic,MN,2019-05-17 07:37:38,1
734,Other,36,Other,WV,2018-07-07 00:58:36,0
735,Non-binary,70,White,MT,2019-01-10 15:49:05,1
736,Other,31,Mixed,NE,2018-08-10 12:32:21,0
737,Male,18,Hispanic,HI,2018-07-15 11:34:21,1
738,Non-binary,56,Black,SC,2020-01-12 11:41:44,0
739,Other,25,Black,UT,2021-08-07 20:04:38,1
740,Other,47,Other,DE,2021-01-07 20:25:57,0
741,Non-binary,77,Mixed,ND,2021-07-16 18:06:15,1
742,Other,32,White,ND,2018-06-27 19:42:05,0
743,Non-binary,47,Mixed,LA,2018-10-20 18:12:36,1
744,Male,18,White,MD,2019-10-11 18:12:27,0
745,Other,25,Other,AL,2022-03-21 15:17:01,1
746,Other,46,Mixed,MN,2022-06-22 00:20:42,0
747,Other,33,Black,OH,2018-07-01 02:58:13,1
748,Female,23,Black,NV,2019-02-27 05:37:43,0
749,Male,25,Hispanic,CT,2020-08-20 06:09:54,1
750,Other,29,Hispanic,TN,2019-02-10 13:49:44,0
751,Other,38,Other,WA,2021-09-11 05:55:21,1
752,Male,24,Mixed,CA,2019-05-29 13:13:40,0
753,Non-binary,71,Black,ID,2018-09-11 11:30:33,1
754,Male,65,Black,PA,2021-01-29 16:05:53,0
755,Male,36,Hispanic,NJ,2022-09-29 00:46:01,1
756,Other,46,Hispanic,WV,2021-05-14 07:25:03,0
757,Female,38,Mixed,MS,2021-12-08 00:14:13,1
758,Non-binary,31,Mixed,ID,2018-12-05 21:32:53,0
759,Male,39,White,CT,2018-01-06 05:59:19,1
760,Non-binary,76,Mixed,AR,2018-03-22 10:11:30,0
761,Male,61,Black,TN,2021-01-16 03:05:02,1
762,Other,67,Mixed,AR,2019-09-02 16:46:57,0
763,Other,52,Other,DE,2018-01-30 22:39:11,1
764,Other,40,Black,MD,2022-04-29 04:04:20,0
765,Male,50,Hispanic,DE,2019-10-03 14:30:37,1
766,Other,79,Mixed,FL,2020-01-20 17:23:17,0
767,Other,55,Mixed,SD,2018-05-12 02:11:50,1
768,Male,32,White,FL,2022-12-07 00:08:05,0
769,Female,78,Other,TN,2019-10-17 17:39:31,1
770,Other,48,Mixed,MS,2022-05-11 19:54:35,0
771,Other,44,Mixed,MA,2021-03-04 02:39:48,1
772,Male,60,White,RI,2019-05-06 19:01:59,0
773,Non-binary,69,Black,GA,2020-03-21 06:31:27,1
774,Female,40,Hispanic,PA,2021-01-29 17:15:49,0
775,Other,73,Mixed,IA,2018-01-20 12:42:34,1
776,Female,69,Other,VA,2022-05-09 01:52:18,0
777,Non-binary,64,Mixed,MN,2020-06-25 16:43:40,1
778,Male,69,Hispanic,RI,2021-11-30 05:34:41,0
779,Other,20,Black,KS,2020-12-17 08:27:52,1
780,Male,47,Hispanic,TN,2021-06-20 02:24:05,0
781,Non-binary,18,Hispanic,NE,2018-10-21 22:32:36,1
782,Non-binary,49,Mixed,NC,2021-12-31 15:18:55,0
783,Other,69,Black,DE,2019-05-07 21:06:33,1
784,Other,41,Hispanic,GA,2018-12-12 15:26:45,0
785,Other,72,Other,AR,2022-05-23 18:29:26,1
786,Non-binary,76,Black,SC,2019-01-06 02:38:37,0
787,Male,54,Mixed,IL,2021-02-04 23:46:56,1
788,Female,39,Mixed,NM,2021-08-11 06:00:31,0
789,Non-binary,43,Mixed,MO,2020-08-10 09:24:59,1
790,Female,71,Black,MI,2019-06-29 10:17:27,0
791,Female,24,White,CA,2019-03-21 19:06:47,1
792,Male,24,Black,OK,2019-12-23 12:31:18,0
793,Other,67,Hispanic,ME,2018-05-13 00:24:26,1
794,Male,33,White,MT,2022-10-05 18:29:36,0
795,Other,49,Black,IN,2019-07-21 20:12:44,1
796,Male,65,Hispanic,WI,2020-07-24 03:15:34,0
797,Non-binary,66,Mixed,OK,2019-04-03 03:30:48,1
798,Male,19,Other,WY,2022-04-20 23:22:35,0
799,Female,42,Other,ND,2018-09-19 19:12:21,1
800,Other,39,White,ID,2018-08-05 11:00:27,0
801,Male,18,White,IA,2022-04-25 16:35:57,1
802,Non-binary,51,Mixed,VT,2020-08-07 13:17:40,0
803,Other,66,Mixed,NH,2019-01-09 16:11:44,1
804,Male,64,Mixed,PA,2019-08-21 12:46:30,0
805,Other,32,White,UT,2019-03-17 23:49:02,1
806,Other,35,Black,HI,2019-07-15 07:56:15,0
807,Non-binary,78,Mixed,SD,2022-09-20 03:12:46,1
808,Male,63,White,NY,2020-12-06 01:09:03,0
809,Non-binary,45,Mixed,SD,2020-06-13 14:43:03,1
810,Non-binary,56,Other,VA,2020-01-10 22:57:47,0
811,Other,66,Mixed,MN,2019-04-17 19:35:53,1
812,Other,29,White,OH,2022-02-13 17:57:53,0
813,Male,22,White,SD,2020-07-10 18:13:47,1
814,Male,68,Black,MS,2021-06-30 07:43:05,0
815,Non-binary,21,Black,MS,2020-09-26 00:25:32,1
816,Other,70,Black,ME,2019-11-15 09:12:06,0
817,Male,61,Hispanic,KS,2021-06-01 19:49:18,1
818,Non-binary,67,Mixed,NY,2019-10-03 17:36:14,0
819,Other,78,Black,WA,2018-09-07 08:08:54,1
820,Non-binary,35,White,WY,2020-04-16 06:45:00,0
821,Female,20,Black,SD,2018-07-24 11:24:15,1
822,Female,45,White,KS,2019-02-03 16:05:31,0
823,Other,42,Hispanic,NV,2021-04-14 09:57:39,1
824,Male,26,Black,NC,2019-02-08 09:45:03,0
825,Non-binary,23,White,MA,2019-08-13 15:56:13,1
826,Other,28,Mixed,ID,2021-06-03 06:17:53,0
827,Other,22,White,UT,2021-03-06 05:47:49,1
828,Female,76,Hispanic,IN,2019-03-15 02:55:04,0
829,Female,71,Hispanic,UT,2021-01-20 12:20:50,1
830,Non-binary,54,Mixed,CO,2018-05-30 16:34:16,0
831,Non-binary,44,Hispanic,HI,2022-08-08 05:12:09,1
832,Female,40,Other,TX,2018-01-21 03:26:59,0
833,Other,62,Mixed,TN,2020-07-30 16:52:04,1
834,Non-binary,27,Hispanic,NJ,2022-03-07 17:23:53,0
835,Other,27,Mixed,MO,2022-12-22 11:17:28,1
836,Female,70,Hispanic,IL,2021-08-22 03:58:22,0
837,Other,65,Mixed,AK,2022-08-06 01:02:13,1
838,Female,30,Hispanic,SC,2019-01-25 13:13:16,0
839,Non-binary,79,White,MS,2020-09-03 20:54:48,1
840,Non-binary,54,Other,AZ,2019-03-13 02:03:01,0
841,Non-binary,30,White,VT,2021-05-11 22:48:09,1
842,Female,51,Black,NC,2021-06-26 23:42:07,0
843,Other,43,Mixed,DE,2019-04-26 04:10:51,1
844,Other,40,Mixed,VA,2022-07-06 10:12:14,0
845,Male,46,White,SC,2020-06-15 01:52:28,1
846,Female,65,White,IN,2019-06-01 15:49:15,0
847,Other,19,Mixed,NY,2022-02-17 11:23:52,1
848,Non-binary,19,Mixed,VA,2021-10-28 21:28:11,0
849,Female,23,Black,IN,2021-04-09 19:05:34,1
850,Other,24,Mixed,MI,2020-07-18 10:00:25,0
851,Female,37,Mixed,NJ,2022-11-08 23:11:28,1
852,Female,38,Mixed,VA,2021-04-20 01:14:22,0
853,Other,36,Mixed,HI,2019-01-09 06:31:15,1
854,Other,56,Other,NV,2021-09-22 03:04:40,0
855,Other,76,White,ME,2018-12-13 09:05:35,1
856,Non-binary,76,Hispanic,CO,2021-08-22 08:37:33,0
857,Male,65,Other,MS,2021-03-24 04:03:42,1
858,Non-binary,65,Mixed,GA,2019-05-14 01:31:01,0
859,Non-binary,20,Other,IL,2019-01-16 22:16:09,1
860,Non-binary,68,Other,ME,2019-02-09 08:11:21,0
861,Other,38,Black,NH,2020-09-25 01:07:16,1
862,Other,47,Other,TN,2018-10-03 12:30:55,0
863,Other,75,White,FL,2022-07-02 10:26:00,1
864,Female,23,Black,MT,2019-06-11 14:13:06,0
865,Male,40,Mixed,AK,2019-08-02 00:49:20,1
866,Other,31,White,RI,2021-12-20 15:18:50,0
867,Other,43,Hispanic,WA,2018-09-10 20:24:40,1
868,Other,18,White,AR,2022-03-26 16:58:54,0
869,Male,50,Hispanic,NY,2019-09-29 18:55:59,1
870,Female,26,Other,GA,2020-05-28 05:31:36,0
871,Male,37,Hispanic,AK,2019-12-01 09:42:05,1
872,Non-binary,61,White,MN,2019-08-10 08:24:25,0
873,Female,31,Hispanic,MI,2021-10-06 06:29:12,1
874,Female,24,Black,WI,2021-02-20 19:16:14,0
875,Other,37,White,KS,2021-11-08 05:57:20,1
876,Male,27,Mixed,KS,2018-09-05 11:06:42,0
877,Non-binary,69,White,WV,2020-04-05 09:52:16,1
878,Other,55,White,MD,2019-09-06 17:28:05,0
879,Other,34,Mixed,WA,2020-03-17 19:04:29,1
880,Male,61,Hispanic,IA,2022-09-07 12:59:29,0
881,Non-binary,50,Hispanic,MT,2020-08-06 01:38:44,1
882,Other,40,White,OR,2018-03-18 04:02:51,0
883,Non-binary,20,White,KY,2018-08-30 02:39:17,1
884,Female,47,Black,MT,2022-01-13 17:09:23,0
885,Female,53,Mixed,AL,2018-10-27 07:30:42,1
886,Other,65,Hispanic,HI,2021-09-16 05:35:31,0
887,Other,19,Other,OH,2018-10-03 14:01:41,1
888,Female,25,Other,IN,2018-01-26 18:43:55,0
889,Female,36,Black,NV,2020-12-14 05:00:50,1
890,Male,78,Hispanic,NJ,2021-05-09 13:50:03,0
891,Female,22,White,SC,2018-12-10 01:24:10,1
892,Female,58,White,WV,2019-06-29 15:07:00,0
893,Male,70,Other,HI,2022-05-20 08:47:05,1
894,Non-binary,63,White,NY,2022-03-14 10:39:58,0
895,Other,45,Black,GA,2021-10-09 13:05:29,1
896,Non-binary,77,Black,LA,2019-11-04 17:22:04,0
897,Non-binary,48,White,ND,2021-08-19 04:10:42,1
898,Other,62,White,MA,2022-03-25 00:33:15,0
899,Non-binary,46,Mixed,IN,2020-05-03 22:01:47,1
900,Non-binary,64,Black,NM,2022-06-08 23:48:00,0
901,Other,21,White,MO,2018-09-21 15:15:31,1
902,Male,37,Mixed,HI,2021-04-23 20:49:30,0
903,Male,29,Black,WV,2021-04-01 03:59:05,1
904,Non-binary,36,Other,IN,2019-09-24 03:32:27,0
905,Male,67,Black,IL,2021-01-31 23:10:54,1
906,Female,18,Hispanic,WY,2021-02-09 12:17:02,0
907,Non-binary,26,White,VT,2022-07-26 07:55:50,1
908,Male,43,White,MA,2020-05-27 21:01:27,0
909,Male,50,Mixed,MN,2021-11-18 16:56:15,1
910,Non-binary,35,Hispanic,MO,2020-01-10 02:44:28,0
911,Female,66,White,OH,2021-12-04 18:23:57,1
912,Female,70,Mixed,NY,2022-03-04 17:10:51,0
913,Other,51,White,ND,2020-09-21 22:23:00,1
914,Non-binary,42,Black,PA,2021-04-24 13:04:49,0
915,Non-binary,68,Black,CA,2019-03-25 00:54:40,1
916,Female,51,Hispanic,GA,2022-03-12 12:41:12,0
917,Male,71,Other,AL,2022-04-27 10:16:02,1
918,Other,67,White,SD,2018-04-03 14:00:11,0
919,Other,56,Black,AL,2022-06-04 09:40:13,1
920,Male,60,Hispanic,RI,2022-11-21 19:13:54,0
921,Male,72,White,HI,2021-12-08 19:23:05,1
922,Other,24,Black,AZ,2018-03-05 15:30:06,0
923,Male,25,Hispanic,MA,2018-01-22 03:56:45,1
924,Male,24,Hispanic,NC,2019-11-09 16:07:22,0
925,Other,24,Hispanic,AL,2020-05-27 17:51:23,1
926,Male,58,White,MI,2019-11-19 23:37:30,0
927,Male,51,Other,NE,2018-10-19 01:57:01,1
928,Non-binary,42,Hispanic,MS,2019-05-05 11:26:23,0
929,Non-binary,65,Mixed,DE,2022-05-24 15:38:15,1
930,Female,62,Black,AL,2019-01-18 20:38:40,0
931,Female,54,Hispanic,NJ,2020-08-29 04:19:20,1
932,Female,55,Black,WI,2022-07-31 07:00:50,0
933,Female,31,Black,NJ,2018-01-07 19:47:40,1
934,Other,59,White,MS,2018-11-20 13:55:48,0
935,Male,70,Mixed,AZ,2018-02-11 13:38:27,1
936,Female,51,Black,IN,2021-09-16 02:59:50,0
937,Female,45,Mixed,NC,2022-07-04 16:21:15,1
938,Male,22,Mixed,PA,2021-02-03 01:21:11,0
939,Other,25,Black,LA,2022-10-15 05:05:20,1
940,Other,18,White,SD,2021-05-28 16:26:21,0
941,Female,34,Other,MD,2022-05-02 20:38:26,1
942,Other,52,Other,IA,2020-04-08 11:32:30,0
943,Male,67,White,NE,2021-02-28 18:05:26,1
944,Other,65,Mixed,ME,2020-03-19 13:56:41,0
945,Female,69,Black,AL,2020-08-19 00:52:52,1
946,Other,73,White,MA,2020-06-03 22:32:34,0
947,Other,59,Hispanic,NY,2021-05-15 15:23:20,1
948,Other,74,Black,CA,2019-01-31 04:12:27,0
949,Non-binary,18,Other,MS,2018-06-29 04:25:42,1
950,Other,55,Mixed,AL,2019-05-01 07:19:02,0
951,Male,31,Hispanic,VA,2018-02-05 15:41:04,1
952,Male,59,Mixed,MA,2018-07-26 09:09:01,0
953,Non-binary,76,Hispanic,SD,2019-07-21 01:52:28,1
954,Non-binary,50,Mixed,FL,2018-01-06 13:53:03,0
955,Other,21,Hispanic,NH,2019-10-27 03:29:37,1
956,Other,18,Black,AL,2020-09-21 17:11:40,0
957,Other,60,White,UT,2019-12-03 04:33:39,1
958,Other,65,Mixed,NV,2022-07-26 01:40:15,0
959,Male,78,Black,MS,2018-11-27 19:13:04,1
960,Non-binary,52,Black,ND,2022-08-19 20:52:32,0
961,Female,54,Other,UT,2019-04-29 10:16:11,1
962,Other,33,White,ND,2021-05-05 07:44:35,0
963,Male,61,Other,TX,2018-05-20 03:41:20,1
964,Other,66,Hispanic,NE,2020-10-07 02:14:23,0
965,Other,59,Hispanic,NY,2019-06-21 13:21:56,1
966,Other,79,Other,VA,2018-10-12 11:09:39,0
967,Non-binary,69,White,NE,2021-05-11 10:34:32,1
968,Other,64,Hispanic,MD,2019-07-09 01:13:58,0
969,Other,75,Black,ND,2021-05-13 21:15:11,1
970,Non-binary,64,Other,SD,2022-01-30 04:33:14,0
971,Male,20,Black,CT,2021-01-20 19:28:58,1
972,Non-binary,26,Other,OK,2020-08-18 13:08:14,0
973,Non-binary,75,Black,WY,2021-11-23 19:38:58,1
974,Male,22,Black,KY,2019-07-28 08:43:52,0
975,Male,63,White,NE,2021-05-24 17:38:47,1
976,Male,41,White,LA,2020-08-15 11:39:52,0
977,Other,60,Mixed,NC,2021-06-16 20:41:39,1
978,Male,38,White,IA,2022-02-18 06:55:41,0
979,Female,35,Mixed,NC,2018-06-27 09:30:18,1
980,Female,48,Hispanic,NE,2019-09-06 07:37:05,0
981,Male,78,Hispanic,RI,2020-03-24 18:51:32,1
982,Male,56,Mixed,OH,2022-11-19 13:31:00,0
983,Male,60,Mixed,ME,2020-10-12 15:25:37,1
984,Female,38,Other,IN,2021-11-04 09:31:54,0
985,Non-binary,55,Black,AR,2021-03-12 16:09:58,1
986,Male,30,White,NY,2022-06-27 15:56:54,0
987,Other,73,Hispanic,IN,2018-01-10 12:07:52,1
988,Other,24,Black,MI,2018-04-05 04:51:06,0
989,Non-binary,23,Mixed,MA,2021-11-25 22:29:57,1
990,Male,34,Mixed,NJ,2019-11-05 15:24:59,0
991,Male,71,Hispanic,MI,2020-01-14 06:31:42,1
992,Other,77,Other,AL,2019-03-26 23:59:53,0
993,Other,74,Mixed,TX,2018-04-08 17:18:27,1
994,Non-binary,65,Hispanic,NC,2022-01-20 09:56:02,0
995,Female,38,Mixed,HI,2019-01-04 11:23:16,1
996,Female,39,Black,WA,2020-12-28 20:36:34,0
997,Male,79,Hispanic,MD,2022-12-01 20:20:20,1
998,Other,59,Other,WI,2018-07-21 19:37:59,0
999,Female,29,Mixed,WV,2022-07-05 15:31:29,1
1000,Non-binary,54,Black,CA,2021-01-27 13:27:16,0
1001,Male,79,Mixed,KS,2021-09-05 13:32:17,1
1002,Female,79,Black,NJ,2020-04-05 21:46:32,0
1003,Female,63,Black,NJ,2022-04-22 17:09:14,1
1004,Male,43,Black,AK,2019-08-03 03:38:21,0
1005,Male,36,Hispanic,OR,2018-08-18 00:35:43,1
1006,Female,47,Mixed,AL,2018-12-05 01:05:39,0
1007,Non-binary,50,White,IA,2020-07-23 16:28:00,1
1008,Female,35,Black,AR,2022-04-04 06:26:42,0
1009,Other,37,Black,MN,2022-11-04 04:52:36,1
1010,Other,73,Other,GA,2021-05-03 21:46:17,0
1011,Female,67,Black,KY,2020-05-20 23:09:52,1
1012,Male,40,Other,IN,2021-02-06 04:32:52,0
1013,Other,79,Black,UT,2020-05-31 20:45:45,1
1014,Female,79,Black,OR,2019-01-10 15:21:35,0
1015,Other,75,Mixed,MS,2019-08-20 06:40:19,1
1016,Non-binary,67,Black,AZ,2019-06-12 11:17:58,0
1017,Male,36,Mixed,AL,2021-03-12 13:45:34,1
1018,Male,47,Hispanic,TN,2022-12-27 05:24:28,0
1019,Male,41,Black,NM,2021-01-31 20:08:08,1
1020,Non-binary,47,Black,ID,2019-01-01 08:32:00,0
1021,Non-binary,73,Other,WY,2019-08-03 20:33:30,1
1022,Female,33,White,AR,2022-06-05 02:00:28,0
1023,Male,65,Black,KS,2021-05-09 02:20:27,1
1024,Male,48,Hispanic,UT,2019-12-22 16:45:50,0
1025,Male,68,Hispanic,KY,2018-03-04 07:38:52,1
1026,Female,44,Hispanic,SD,2018-06-29 05:19:08,0
1027,Non-binary,41,Black,DE,2021-09-08 19:02:38,1
1028,Female,35,White,CA,2020-07-20 22:59:54,0
1029,Male,52,Other,NM,2022-02-18 21:06:01,1
1030,Non-binary,24,White,NE,2018-05-25 05:41:03,0
1031,Non-binary,35,Mixed,SC,2021-03-31 17:00:10,1
1032,Other,63,Other,ME,2019-01-04 01:41:30,0
1033,Male,21,Hispanic,SC,2018-09-27 19:29:56,1
1034,Male,60,Other,MS,2019-04-05 13:16:29,0
1035,Female,37,Black,MN,2022-01-08 16:00:16,1
1036,Other,54,Black,NY,2022-03-03 02:18:42,0
1037,Non-binary,23,Mixed,CO,2021-10-19 19:45:17,1
1038,Male,48,Black,RI,2021-07-19 21:02:26,0
1039,Non-binary,68,Black,WA,2022-07-24 11:51:35,1
1040,Female,51,Hispanic,OH,2018-08-04 12:00:28,0
1041,Other,23,Mixed,CO,2020-01-17 18:53:00,1
1042,Female,53,Hispanic,MI,2018-05-22 10:58:28,0
1043,Other,43,Mixed,NC,2021-07-12 18:05:43,1
1044,Female,55,Black,MO,2020-10-04 13:32:40,0
1045,Other,35,White,CA,2020-09-16 23:25:28,1
1046,Other,24,Other,NC,2018-05-28 14:08:44,0
1047,Female,47,Black,KY,2022-05-02 10:26:34,1
1048,Male,21,Hispanic,AL,2018-05-16 10:12:38,0
1049,Non-binary,58,Black,IN,2022-01-21 13:30:55,1
1050,Non-binary,24,Black,SD,2022-07-24 15:11:45,0
1051,Female,43,Hispanic,HI,2020-11-30 06:09:23,1
1052,Other,73,Hispanic,LA,2020-02-09 18:54:03,0
1053,Male,45,Other,ID,2018-03-13 05:26:40,1
1054,Female,49,Hispanic,NJ,2018-08-16 08:23:42,0
1055,Female,53,White,OK,2022-07-05 17:29:06,1
1056,Female,79,Black,IN,2018-02-24 02:54:46,0
1057,Female,70,Hispanic,NV,2020-04-24 00:43:45,1
1058,Female,55,White,MA,2021-04-23 21:34:51,0
1059,Non-binary,52,White,CO,2021-05-19 23:46:47,1
1060,Male,63,White,MO,2019-04-28 06:55:31,0
1061,Female,61,Other,OR,2019-01-01 19:28:26,1
1062,Female,69,Hispanic,MI,2021-05-03 14:31:23,0
1063,Other,20,Mixed,WI,2018-09-30 22:22:56,1
1064,Other,73,Other,CA,2020-09-05 23:12:17,0
1065,Non-binary,33,White,MT,2022-12-12 10:42:09,1
1066,Female,79,Black,ID,2020-10-15 01:54:27,0
1067,Male,56,Other,CA,2021-06-17 05:57:36,1
1068,Non-binary,76,White,MA,2018-09-26 04:46:17,0
1069,Other,45,Hispanic,AL,2022-01-01 11:45:54,1
1070,Other,67,Mixed,MS,2021-03-10 15:18:49,0
1071,Male,45,Black,NM,2022-02-16 12:43:20,1
1072,Non-binary,66,Hispanic,CO,2019-12-21 09:41:18,0
1073,Non-binary,26,Hispanic,TX,2021-08-03 04:32:51,1
1074,Male,36,Black,DE,2021-10-19 04:05:37,0
1075,Female,73,White,TN,2018-10-27 06:00:44,1
